<?xml version="1.0" encoding="utf-8"?>
<component name="irq_mngr" version="1.0" category="base">
  <description>The Interruption Manager is a Wishbone slave component and Armadeus compiliant.</description>

  <hdl_files>
    <hdl_file name="irq_mgnr.vhd" scope="all" istop="1" />
  </hdl_files>

  <generics>
    <generic name="irq_count" type="integer" value="16" valid="1..16">
        irq_count gives the maximum allowed interruption sources.
    </generic>
    <generic name="irq_level" type="std_logic" value="1" valid="0|1">
        irq_level gives the irq output signal active level.
    </generic>
  </generics>

  <registers>
    <register name="isr_mask" offset="0x0000" width="16" />
    <register name="isr_pend" offset="0x0002" width="16">
This register is used for different purpose:
 - on read, it gives the interruption requests
 - on write, each bit at '1' will acknowledge the corresponding interruption request
    </register>
  </registers>

  <interfaces>
    <interface name="wbs_s1" type="slave" />
  </interfaces>

  <ports>
    <port name="gls_clk"    interface="global" type="CLK_I" />
    <port name="gls_reset"  interface="global" type="RST_I" />
    <port name="wbs_s1_address"   interface="wbs_s1" type="ADR_I" />
    <port name="wbs_s1_readdata"  interface="wbs_s1" type="DAT_O" />
    <port name="wbs_s1_writedata" interface="wbs_s1" type="DAT_I" />
    <port name="wbs_s1_ack"       interface="wbs_s1" type="ACK_O" />
    <port name="wbs_s1_strobe"    interface="wbs_s1" type="STB_I" />
    <port name="wbs_s1_write"     interface="wbs_s1" type="WE_I"  />
    <port name="wbs_s1_irq"       interface="wbs_s1" type="out"   />
    <port name="gls_irq" interface="global" type="in" />
  </ports>
</component>
