<component category="User Component" name="toto" version="1.0">
    <driver_files />
    <interfaces>
        <interface name="GLS_noname_clockandreset" type="WBC" />
        <interface clockandreset="GLS_NONAME_CLOCKANDRESET" name="M1" type="WBM" />
        <interface clockandreset="GLS_NONAME_CLOCKANDRESET" name="export" type="GLS" />
    </interfaces>
    <registers />
    <generics />
    <hdl_files>
        <hdl_file istop="True" name="imx_wrapper.vhd" order="1" scope="all" />
    </hdl_files>
    <ports>
        <port interface="export" name="IMX_CS_N" type="export" />
        <port interface="export" name="IMX_OE_N" type="export" />
        <port interface="export" name="IMX_EB3_N" type="export" />
        <port interface="export" name="IMX_ADDRESS" type="export" />
        <port interface="export" name="IMX_DATA" type="export" />
        <port interface="GLS_noname_clockandreset" name="GLS_CLK" type="CLK" />
        <port interface="GLS_noname_clockandreset" name="GLS_RESET" type="RST" />
        <port interface="M1" name="WBM_M1_ADDR_O" type="ADR" />
        <port interface="M1" name="WBM_M1_DATA_I" type="DAT" />
        <port interface="M1" name="WBM_M1_DATA_O" type="DAT" />
        <port interface="M1" name="WBM_M1_WE_O" type="WE" />
        <port interface="M1" name="WBM_M1_SEL_O" type="SEL" />
        <port interface="M1" name="WBM_M1_STB_O" type="STB" />
        <port interface="M1" name="WBM_M1_ACK_I" type="ACK" />
        <port interface="M1" name="WBM_M1_CYC_O" type="CYC" />
    </ports>
</component>
