<?xml version="1.0" encoding="utf-8"?>
<component name="imx_wrapper" version="1.0" category="base">
  <description>The iMX Wrapper is a Wishbone master component and Armadeus compiliant.</description>
  <hdl_files>
    <hdl_file name="imx_wrapper.vhd" scope="all" istop="1" />
  </hdl_files>
  <interfaces>
    <interface name="wbm_m1" type="master" />
  </interfaces>

  <ports>
    <port name="gls_clk"    interface="global" type="CLK_I" />
    <port name="gls_reset"  interface="global" type="RST_I" />
    <port name="wbm_m1_address"   interface="wbm_m1" type="ADR_I" />
    <port name="wbm_m1_readdata"  interface="wbm_m1" type="DAT_I" />
    <port name="wbm_m1_writedata" interface="wbm_m1" type="DAT_O" />
    <port name="wbm_m1_strobe"    interface="wbm_m1" type="STB_O" />
    <port name="wbm_m1_write"     interface="wbm_m1" type="WE_O"  />
    <port name="wbm_m1_sel"       interface="wbm_m1" type="SEL_O" />
    <port name="wbm_m1_cycle"     interface="wbm_m1" type="CYC_O" />
    <port name="imx_cs_n"     interface="global" type="in" />
    <port name="imx_oe_n"     interface="global" type="in" />
    <port name="imx_eb3_n"    interface="global" type="in" />
    <port name="imx_address"  interface="global" type="in" />
    <port name="imx_data"     interface="global" type="inout" />
  </ports>
</component>
