<component category="User Component" name="pwm" version="1.0">
    <driver_files />
    <interfaces>
        <interface name="C1" type="WBC" />
        <interface clockandreset="C1" name="export" type="GLS" />
        <interface clockandreset="C1" name="S1" type="WBS" />
    </interfaces>
    <registers />
    <generics>
        <generic name="data_width" type="integer" value="16" />
        <generic name="pwm_range" type="integer" value="12" />
    </generics>
    <hdl_files>
        <hdl_file istop="True" name="pwm.vhd" order="1" scope="all" />
    </hdl_files>
    <ports>
        <port interface="C1" name="wbc_c1_reset" type="RST" />
        <port interface="S1" name="wbs_s1_strobe" type="STB" />
        <port interface="C1" name="wbc_c1_clk" type="CLK" />
        <port interface="S1" name="wbs_s1_ack" type="ACK" />
        <port interface="S1" name="wbs_s1_cycle" type="CYC" />
        <port interface="S1" name="wbs_s1_we" type="WE" />
        <port interface="export" name="gls_pwm" type="export" />
        <port interface="S1" name="wbs_s1_readdata" type="DAT" />
        <port interface="S1" name="wbs_s1_writedata" type="DAT" />
        <port interface="S1" name="wbs_s1_address" type="ADR" />
        <port interface="S1" name="wbs_s1_sel" type="SEL" />
    </ports>
</component>
