<?xml version="1.0" encoding="utf-8"?>
<component name="syscon" version="1.0" category="base">
  <description>The Syscon component is a clock and synchronous clock generator.</description>

  <hdl_files>
    <hdl_file name="syscon.vhd" scope="all" istop="1" />
  </hdl_files>

  <ports>
    <port name="clk_i"  interface="global" type="CLK_I" />
    <port name="rst_o"  interface="global" type="RST_O" />

    <port name="ext_rst"  interface="global" type="in" />
  </ports>
</component>
