<component category="User Component" name="apf9328" version="1.0">
    <driver_files />
    <interfaces>
        <interface clockandreset="C1" name="M1" type="WBM" />
        <interface name="C1" type="WBC" />
        <interface clockandreset="C1" name="export" type="GLS" />
    </interfaces>
    <registers />
    <generics />
    <hdl_files>
        <hdl_file istop="True" name="apf9328_bridge.vhd" order="1" scope="all" />
        <hdl_file istop="False" name="apf9328_tb_pkg.vhd" order="2" scope="testbench" />
    </hdl_files>
    <ports>
        <port interface="export" name="imx_address" type="export" />
        <port interface="export" name="imx_data" type="export" />
        <port interface="export" name="imx_oe_n" type="export" />
        <port interface="M1" name="wbm_m1_data_o" type="DAT" />
        <port interface="export" name="imx_cs_n" type="export" />
        <port interface="M1" name="wbm_m1_data_i" type="DAT" />
        <port interface="C1" name="wbc_c1_clk" type="CLK" />
        <port interface="C1" name="wbc_c1_reset" type="RST" />
        <port interface="M1" name="wbm_m1_addr_o" type="ADR" />
        <port interface="M1" name="wbm_m1_we_o" type="WE" />
        <port interface="M1" name="wbm_m1_cyc_o" type="CYC" />
        <port interface="export" name="imx_eb3_n" type="export" />
        <port interface="M1" name="wbm_m1_ack_i" type="ACK" />
        <port interface="M1" name="wbm_m1_stb_o" type="STB" />
    </ports>
</component>
